{
  "BackgroundMaterial": "CampaignBackground03Saladin",
  "Widgets": [

    {
      "Widget": {
        "Type": "Label",
        "Name": "TitleLabel",
        "ViewPort": {
          "xorigin": 1920,
          "yorigin": 110,
          "width": 1000,
          "height": 100,
          "alignment": "CentreCentre"
        },
        "ZPlane": 2,
        "StateMaterials": {
          "StateNormal": {
            "Font": {
              "FontIndex": 0,
              "PointSize": 70,
              "Style": "Normal",
              "TextColor": {
                "r": 57,
                "g": 28,
                "b": 27,
                "a": 255
              }
            }
          }
        },
        "Text": "Saladin Showdown",
        "TextAnchor": "CentreCentre",
        "ChildWidgets": []
      }
    },

    {
      "Widget": {
        "Type": "Button",
        "Name": "ScenarioButton1",
        "ViewPort": {
          "xorigin": 2000,
          "yorigin": 240,
          "width": 260,
          "height": 260,
          "alignment": "TopLeft"
        },
        "ZPlane": 1,
        "StateMaterials": {
          "StateDisabled": {
            "Font": {
              "FontIndex": 0,
              "PointSize": 34,
              "Style": "Normal",
              "TextColor": {
                "r": 42,
                "g": 10,
                "b": 82,
                "a": 128
              }
            }
          },
          "StateNormal": {
            "Material": "CampaignIcon03SaladinNormal",
            "Font": {
              "FontIndex": 0,
              "PointSize": 34,
              "Style": "Normal",
              "TextColor": {
                "r": 42,
                "g": 10,
                "b": 82,
                "a": 255
              }
            }
          },
          "StateHover": {
            "Material": "CampaignIcon03SaladinHover",
            "Font": {
              "FontIndex": 0,
              "PointSize": 34,
              "Style": "Normal",
              "TextColor": {
                "r": 42,
                "g": 10,
                "b": 82,
                "a": 255
              }
            }
          },
          "StatePressed": {
            "Material": "CampaignIcon03SaladinPressed",
            "Font": {
              "FontIndex": 0,
              "PointSize": 34,
              "Style": "Normal",
              "TextColor": {
                "r": 42,
                "g": 10,
                "b": 82,
                "a": 255
              }
            }
          }
        },
        "ChildWidgets": [
          {
            "Widget": {
              "Type": "CampaignTitle",
              "Name": "CampaignButton1Label",
              "ViewPort": {
                "xorigin": -60,
                "yorigin": 232,
                "width": 700,
                "height": 100,
                "alignment": "TopLeft"
              },
              "ClippingOverride": "Background",
              "ZPlane": 2,
              "Level": 0,
              "StateMaterials": {
                "StateNormal": {
                  "Font": {
                    "FontIndex": 0,
                    "PointSize": 45,
                    "Style": "Normal",
                    "TextColor": {
                      "r": 255,
                      "g": 255,
                      "b": 255,
                      "a": 255
                    }
                  }
                }
              },
              "Text": "Saladin Showdown",
              "TextAnchor": "TopLeft",
              "ChildWidgets": []
            }
          }
        ]
      }
    },
    {

      "Widget": {
        "Type": "Base",
        "Name": "NextIndicator1",
        "ViewPort": {
          "xorigin": 2412,
          "yorigin": 626,
          "width": 277,
          "height": 182,
          "alignment": "TopLeft"
        },
        "ZPlane": 0,
        "Wrap": {
          "width": 0,
          "height": 0
        },
        "StateMaterials": {
          "StateNormal": {
            "Material": "GenghisKhanIndicator1"
          }
        }
      }
    },
    {
      "Widget": {
        "Type": "Base",
        "Name": "NextIndicator2",
        "ViewPort": {
          "xorigin": 2342,
          "yorigin": 945,
          "width": 245,
          "height": 330,
          "alignment": "TopLeft"
        },
        "ZPlane": 0,
        "Wrap": {
          "width": 0,
          "height": 0
        },
        "StateMaterials": {
          "StateNormal": {
            "Material": "GenghisKhanIndicator2"
          }
        }
      }
    },
    {
      "Widget": {
        "Type": "Base",
        "Name": "NextIndicator3",
        "ViewPort": {
          "xorigin": 2010,
          "yorigin": 1095,
          "width": 416,
          "height": 314,
          "alignment": "TopLeft"
        },
        "ZPlane": 0,
        "Wrap": {
          "width": 0,
          "height": 0
        },
        "StateMaterials": {
          "StateNormal": {
            "Material": "GenghisKhanIndicator3"
          }
        }
      }
    },
    {
      "Widget": {
        "Type": "Base",
        "Name": "NextIndicator4",
        "ViewPort": {
          "xorigin": 1752,
          "yorigin": 606,
          "width": 317,
          "height": 362,
          "alignment": "TopLeft"
        },
        "ZPlane": 0,
        "Wrap": {
          "width": 0,
          "height": 0
        },
        "StateMaterials": {
          "StateNormal": {
            "Material": "GenghisKhanIndicator4"
          }
        }
      }
    },
    {
      "Widget": {
        "Type": "Base",
        "Name": "NextIndicator5",
        "ViewPort": {
          "xorigin": 1258,
          "yorigin": 608,
          "width": 302,
          "height": 242,
          "alignment": "TopLeft"
        },
        "ZPlane": 2,
        "Wrap": {
          "width": 0,
          "height": 0
        },
        "StateMaterials": {
          "StateNormal": {
            "Material": "GenghisKhanIndicator5"
          }
        }
      }
    }
  ]
}